﻿platform-services;terms-of-service;privacy-policy;age-confirmation;analytics;marketing;personalization
1;1;1;1;;;
terms-of-service;1;2025-08-04T13:38:50.000000Z;1.0;contract;
personalization;;2025-08-04T13:38:50.000000Z;1.0;consent;
marketing;;2025-08-04T13:38:50.000000Z;1.0;consent;
analytics;;2025-08-04T13:38:50.000000Z;1.0;consent;
age-confirmation;1;2025-08-04T13:38:50.000000Z;1.0;contract;
privacy-policy;1;2025-08-04T13:38:50.000000Z;1.0;legal_obligation;
terms-of-service;1;2025-08-04T13:38:50.000000Z;1.0;contract;
platform-services;1;2025-08-04T13:38:50.000000Z;1.0;contract;
2025-08-04T13:38:50.000000Z
