﻿timestamp;ip_address;user_agent;success;action
2025-08-05T16:00:43.000000Z;masked;"Mozilla/5.0 (Windows NT 10.0; Win64; x64) AppleWebKit/537.36 (KHTML, like Gecko) Chrome/138.0.0.0 Safari/537.36";1;user_logged_in_with_gdpr_ecosystem
2025-08-05T13:09:13.000000Z;masked;"Mozilla/5.0 (Windows NT 10.0; Win64; x64) AppleWebKit/537.36 (KHTML, like Gecko) Chrome/138.0.0.0 Safari/537.36";1;user_logged_in_with_gdpr_ecosystem
2025-08-05T07:32:23.000000Z;masked;"Mozilla/5.0 (Windows NT 10.0; Win64; x64) AppleWebKit/537.36 (KHTML, like Gecko) Chrome/138.0.0.0 Safari/537.36";1;user_logged_in_with_gdpr_ecosystem
2025-08-04T17:53:02.000000Z;masked;"Mozilla/5.0 (iPhone; CPU iPhone OS 16_6 like Mac OS X) AppleWebKit/605.1.15 (KHTML, like Gecko) Version/16.6 Mobile/15E148 Safari/604.1 Edg/138.0.0.0";1;user_logged_in_with_gdpr_ecosystem
2025-08-04T13:42:48.000000Z;masked;"Mozilla/5.0 (Windows NT 10.0; Win64; x64) AppleWebKit/537.36 (KHTML, like Gecko) Chrome/138.0.0.0 Safari/537.36 Edg/138.0.0.0";1;user_logged_in_with_gdpr_ecosystem
5;;1.2068718222106
